url,timestamp,status,url count,title,newspaper,arquivo_url,article_text
https://www.cmjornal.pt/mais-cm/perguntas-cm/detalhe/imigracao-aceita-se-referendo-exigido-pelo-chega-para-aprovar-o-orcamento,1970-08-23 06:27:01.001045,200,1,imigracao aceita se referendo exigido pelo chega para aprovar o,cmjornal.pt/,https://arquivo.pt/wayback/19700823062701/https://www.cmjornal.pt/mais-cm/perguntas-cm/detalhe/imigracao-aceita-se-referendo-exigido-pelo-chega-para-aprovar-o-orcamento,
https://www.cmjornal.pt/politica/detalhe/20220401-0241-chega-e-il-parlamento-exclui-voto-de-mais-de-672-mil-eleitores?ref=HP_OutrasNoticias1,1970-08-23 00:46:41.170435,200,2,20220401 0241 chega e il parlamento exclui voto de mais de 672 mil,cmjornal.pt/,https://arquivo.pt/wayback/19700823004641/https://www.cmjornal.pt/politica/detalhe/20220401-0241-chega-e-il-parlamento-exclui-voto-de-mais-de-672-mil-eleitores?ref=HP_OutrasNoticias1,
https://www.cmjornal.pt/politica/detalhe/edite-estrela-e-adao-e-silva-sao-os-novos-vices-da-assembleia-da-republica-candidaturas-da-il-e-do-chega-chumbadas?ref=HP_MaisComentadas,1970-08-23 00:46:41.183725,200,2,edite estrela e adao e silva sao os novos vices da assembleia da republica candidaturas da il e do chega,cmjornal.pt/,https://arquivo.pt/wayback/19700823004641/https://www.cmjornal.pt/politica/detalhe/edite-estrela-e-adao-e-silva-sao-os-novos-vices-da-assembleia-da-republica-candidaturas-da-il-e-do-chega-chumbadas?ref=HP_MaisComentadas,
https://www.cmjornal.pt/politica/detalhe/luis-montenegro-diz-nao-ao-chega-e-andre-ventura-pede-cuidado-com-a-arrogancia-politica,1970-08-23 06:18:27.105109,200,1,luis montenegro diz nao ao chega e andre ventura pede cuidado com a arrogancia,cmjornal.pt/,https://arquivo.pt/wayback/19700823061827/https://www.cmjornal.pt/politica/detalhe/luis-montenegro-diz-nao-ao-chega-e-andre-ventura-pede-cuidado-com-a-arrogancia-politica,
https://expresso.pt/api/molecule/sidenav/menu?currentPath=/politica/2022-02-03-o-candidato-do-chega-a-vice-presidente-da-ar-militou-na-direita-armada-do-mdlp-no-pos-25-de-abril,1970-08-23 06:18:45.201434,200,1,2022 02 03 o candidato do chega a vice presidente da ar militou na direita armada do mdlp no pos 25 de,expresso.pt/,https://arquivo.pt/wayback/19700823061845/https://expresso.pt/api/molecule/sidenav/menu?currentPath=/politica/2022-02-03-o-candidato-do-chega-a-vice-presidente-da-ar-militou-na-direita-armada-do-mdlp-no-pos-25-de-abril,
https://expresso.pt/blogues/bloguet_desporto/blogue_nysse_arruda_sailing/veleiro-azzam-chega-de-navio-a-itajai=f720311,1970-08-23 00:53:22.235414,200,14,veleiro azzam chega de navio a,expresso.pt/,https://arquivo.pt/wayback/19700823005322/https://expresso.pt/blogues/bloguet_desporto/blogue_nysse_arruda_sailing/veleiro-azzam-chega-de-navio-a-itajai=f720311,
https://expresso.pt/podcasts/eixo-do-mal/2022-02-11-o-chega-quer-a-vice-presidencia.-e-o-resto-da-direita-quer-fazer-oposicao-,1970-08-23 00:45:23.013110,200,15,2022 02 11 o chega quer a vice presidencia . e o resto da direita quer fazer oposicao,expresso.pt/,https://arquivo.pt/wayback/19700823004523/https://expresso.pt/podcasts/eixo-do-mal/2022-02-11-o-chega-quer-a-vice-presidencia.-e-o-resto-da-direita-quer-fazer-oposicao-,
https://expresso.pt/podcasts/irritacoes/2022-02-04-joana-amaral-dias-vs.-deputada-do-chega-prioridades-nas-bombas-de-gasolina-e-o-corretor-do-whatsapp,1970-08-23 00:45:27.002925,200,2,2022 02 04 joana amaral dias vs. deputada do chega prioridades nas bombas de gasolina e o corretor do,expresso.pt/,https://arquivo.pt/wayback/19700823004527/https://expresso.pt/podcasts/irritacoes/2022-02-04-joana-amaral-dias-vs.-deputada-do-chega-prioridades-nas-bombas-de-gasolina-e-o-corretor-do-whatsapp,
https://expresso.pt/podcasts/irritacoes/2022-02-11-varios-despertadores-com-minutos-de-diferenca-vales-da-odisseias-e-o-chega-na-tv,1970-08-23 00:45:27.002922,200,2,2022 02 11 varios despertadores com minutos de diferenca vales da odisseias e o chega na,expresso.pt/,https://arquivo.pt/wayback/19700823004527/https://expresso.pt/podcasts/irritacoes/2022-02-11-varios-despertadores-com-minutos-de-diferenca-vales-da-odisseias-e-o-chega-na-tv,
https://expresso.pt/politica/2022-02-17-varios-deputados-do-chega-fazem-referencias-a-salazar-e-ao-estado-novo,1970-08-23 03:30:15.165629,200,1,2022 02 17 varios deputados do chega fazem referencias a salazar e ao estado,expresso.pt/,https://arquivo.pt/wayback/19700823033015/https://expresso.pt/politica/2022-02-17-varios-deputados-do-chega-fazem-referencias-a-salazar-e-ao-estado-novo,
https://folhanacional.pt/index.php/en/politica/politica-nacional/deputados-do-chega-no-congresso-do-psd-apontam-os-discursos-contraditorios,1970-08-23 00:53:24.131810,200,1,deputados do chega no congresso do psd apontam os discursos,folhanacional.pt/,https://arquivo.pt/wayback/19700823005324/https://folhanacional.pt/index.php/en/politica/politica-nacional/deputados-do-chega-no-congresso-do-psd-apontam-os-discursos-contraditorios,
https://folhanacional.pt/index.php/en/politica/politica-nacional/deputados-do-chega-visitam-bombeiros-e-area-ardida-em-palmela,1970-08-23 00:53:45.042403,200,1,deputados do chega visitam bombeiros e area ardida em,folhanacional.pt/,https://arquivo.pt/wayback/19700823005345/https://folhanacional.pt/index.php/en/politica/politica-nacional/deputados-do-chega-visitam-bombeiros-e-area-ardida-em-palmela,
https://folhanacional.pt/index.php/en/politica/politica-nacional/governo-da-razao-ao-chega-e-admite-recorrer-aos-privados,1970-08-23 00:53:24.132201,200,1,governo da razao ao chega e admite recorrer aos,folhanacional.pt/,https://arquivo.pt/wayback/19700823005324/https://folhanacional.pt/index.php/en/politica/politica-nacional/governo-da-razao-ao-chega-e-admite-recorrer-aos-privados,
https://folhanacional.pt/index.php/en/politica/politica-nacional/mocao-de-censura-do-chega-vai-hoje-a-conferencia-de-lideres,1970-08-23 00:53:24.131819,200,1,mocao de censura do chega vai hoje a conferencia de,folhanacional.pt/,https://arquivo.pt/wayback/19700823005324/https://folhanacional.pt/index.php/en/politica/politica-nacional/mocao-de-censura-do-chega-vai-hoje-a-conferencia-de-lideres,
https://folhanacional.pt/index.php/en/politica/politica-nacional/o-chega-e-a-verdadeira-oposicao-ao-governo,1970-08-23 00:53:24.131742,200,1,o chega e a verdadeira oposicao ao,folhanacional.pt/,https://arquivo.pt/wayback/19700823005324/https://folhanacional.pt/index.php/en/politica/politica-nacional/o-chega-e-a-verdadeira-oposicao-ao-governo,
https://folhanacional.pt/index.php/en/politica/politica-nacional/santana-lopes-recebe-e-felicita-o-chega-sao-a-terceira-forca-politica-nacional,1970-08-23 00:53:24.131655,200,1,santana lopes recebe e felicita o chega sao a terceira forca politica,folhanacional.pt/,https://arquivo.pt/wayback/19700823005324/https://folhanacional.pt/index.php/en/politica/politica-nacional/santana-lopes-recebe-e-felicita-o-chega-sao-a-terceira-forca-politica-nacional,
https://folhanacional.pt/index.php/en/politica/politica-nacional/santos-silva-declara-guerra-total-ao-chega-partido-abandona-o-hemiciclo-em-protesto,1970-08-23 00:53:24.131608,200,1,santos silva declara guerra total ao chega partido abandona o hemiciclo em,folhanacional.pt/,https://arquivo.pt/wayback/19700823005324/https://folhanacional.pt/index.php/en/politica/politica-nacional/santos-silva-declara-guerra-total-ao-chega-partido-abandona-o-hemiciclo-em-protesto,
https://folhanacional.pt/index.php/en/politica/politica-nacional/santos-silva-recusa-debater-iniciativa-do-chega-sobre-prisao-perpetua,1970-08-23 00:53:24.131922,200,1,santos silva recusa debater iniciativa do chega sobre prisao,folhanacional.pt/,https://arquivo.pt/wayback/19700823005324/https://folhanacional.pt/index.php/en/politica/politica-nacional/santos-silva-recusa-debater-iniciativa-do-chega-sobre-prisao-perpetua,
https://folhanacional.pt/index.php/en/politica/politica-nacional/santos-silva-volta-a-silenciar-o-chega-e-a-terceira-vez-num-so-mes,1970-08-23 00:53:45.042432,200,1,santos silva volta a silenciar o chega e a terceira vez num so,folhanacional.pt/,https://arquivo.pt/wayback/19700823005345/https://folhanacional.pt/index.php/en/politica/politica-nacional/santos-silva-volta-a-silenciar-o-chega-e-a-terceira-vez-num-so-mes,
https://folhanacional.pt/index.php/pais/militante-do-chega-morre-apos-agressoes-em-odivelas-autarca-de-oeiras-tambem-foi-agredido,1970-08-23 00:53:24.121757,200,1,militante do chega morre apos agressoes em odivelas autarca de oeiras tambem foi,folhanacional.pt/,https://arquivo.pt/wayback/19700823005324/https://folhanacional.pt/index.php/pais/militante-do-chega-morre-apos-agressoes-em-odivelas-autarca-de-oeiras-tambem-foi-agredido,
https://folhanacional.pt/index.php/en/politica/politica-nacional/andre-ventura-ataca-governo-que-falhou-na-missao-de-restaurar-a-dignidade-dos-portugueses,1970-08-23 00:53:24.131728,200,1,andre ventura ataca governo que falhou na missao de restaurar a dignidade dos,folhanacional.pt/,https://arquivo.pt/wayback/19700823005324/https://folhanacional.pt/index.php/en/politica/politica-nacional/andre-ventura-ataca-governo-que-falhou-na-missao-de-restaurar-a-dignidade-dos-portugueses,
https://folhanacional.pt/index.php/en/politica/politica-nacional/andre-ventura-visita-as-flores-e-o-corvo-fazer-politica-e-estar-junto-das-pessoas,1970-08-23 00:53:24.113524,200,1,andre ventura visita as flores e o corvo fazer politica e estar junto das,folhanacional.pt/,https://arquivo.pt/wayback/19700823005324/https://folhanacional.pt/index.php/en/politica/politica-nacional/andre-ventura-visita-as-flores-e-o-corvo-fazer-politica-e-estar-junto-das-pessoas,
https://folhanacional.pt/index.php/en/politica/politica-nacional/andre-ventura-visita-feira-nacional-de-agricultura-em-santarem,1970-08-23 00:53:24.132230,200,1,andre ventura visita feira nacional de agricultura em,folhanacional.pt/,https://arquivo.pt/wayback/19700823005324/https://folhanacional.pt/index.php/en/politica/politica-nacional/andre-ventura-visita-feira-nacional-de-agricultura-em-santarem,
https://folhanacional.pt/index.php/en/politica/politica-nacional/entrevista-de-andre-ventura-a-cmtv,1970-08-23 00:53:24.131951,200,1,entrevista de andre ventura a,folhanacional.pt/,https://arquivo.pt/wayback/19700823005324/https://folhanacional.pt/index.php/en/politica/politica-nacional/entrevista-de-andre-ventura-a-cmtv,
https://folhanacional.pt/index.php/pais/andre-ventura-quer-incendiarios-considerados-terroristas,1970-08-23 00:53:24.122424,200,1,andre ventura quer incendiarios considerados,folhanacional.pt/,https://arquivo.pt/wayback/19700823005324/https://folhanacional.pt/index.php/pais/andre-ventura-quer-incendiarios-considerados-terroristas,
https://folhanacional.pt/wp-content/uploads/2023/03/Andre-ventura-300x200.jpg,1970-08-23 03:31:48.200242,200,1,Andre ventura,folhanacional.pt/,https://arquivo.pt/wayback/19700823033148/https://folhanacional.pt/wp-content/uploads/2023/03/Andre-ventura-300x200.jpg,
https://folhanacional.pt/wp-content/uploads/2023/03/andreventuraa-300x224.jpeg,1970-08-23 03:31:48.200256,200,3,andreventuraa,folhanacional.pt/,https://arquivo.pt/wayback/19700823033148/https://folhanacional.pt/wp-content/uploads/2023/03/andreventuraa-300x224.jpeg,
https://www.jn.pt/desporto/veron-chega-para-dar-gas-ao-ataque-do-dragao-15035546.html,1970-08-23 00:52:02.075137,200,2,veron chega para dar gas ao ataque do dragao,jn.pt/,https://arquivo.pt/wayback/19700823005202/https://www.jn.pt/desporto/veron-chega-para-dar-gas-ao-ataque-do-dragao-15035546.html,
https://www.jn.pt/justica/amp/atual-dirigente-do-chega-julgado-por-abuso-de-poder-cometido-enquanto-autarca-do-psd-15679924.html,1970-08-23 03:28:38.190649,200,1,atual dirigente do chega julgado por abuso de poder cometido enquanto autarca do psd,jn.pt/,https://arquivo.pt/wayback/19700823032838/https://www.jn.pt/justica/amp/atual-dirigente-do-chega-julgado-por-abuso-de-poder-cometido-enquanto-autarca-do-psd-15679924.html,
https://www.jn.pt/justica/amp/deputado-e-vice-do-chega-condenado-por-mentir-sobre-louca-14580307.html,1970-08-23 00:43:31.194139,200,4,deputado e vice do chega condenado por mentir sobre louca,jn.pt/,https://arquivo.pt/wayback/19700823004331/https://www.jn.pt/justica/amp/deputado-e-vice-do-chega-condenado-por-mentir-sobre-louca-14580307.html,
https://www.jn.pt/justica/amp/pedida-absolvicao-de-ex-militante-do-chega-grosseiro-com-o-be-15836977.html,1970-08-23 03:30:14.192107,200,5,pedida absolvicao de ex militante do chega grosseiro com o be,jn.pt/,https://arquivo.pt/wayback/19700823033014/https://www.jn.pt/justica/amp/pedida-absolvicao-de-ex-militante-do-chega-grosseiro-com-o-be-15836977.html,
https://www.jn.pt/justica/amp/psp-apreende-armas-a-guarda-prisional-que-se-diz-perseguido-por-ser-eleito-pelo-chega--14830621.html,1970-08-23 00:48:26.185149,200,7,psp apreende armas a guarda prisional que se diz perseguido por ser eleito pelo chega,jn.pt/,https://arquivo.pt/wayback/19700823004826/https://www.jn.pt/justica/amp/psp-apreende-armas-a-guarda-prisional-que-se-diz-perseguido-por-ser-eleito-pelo-chega--14830621.html,
https://www.jn.pt/justica/autarca-do-chega-disparou-cacadeira-contra-familia-estrangeira-por-odio-racial--14228282.html,1970-08-23 00:43:36.211405,200,1,autarca do chega disparou cacadeira contra familia estrangeira por odio racial,jn.pt/,https://arquivo.pt/wayback/19700823004336/https://www.jn.pt/justica/autarca-do-chega-disparou-cacadeira-contra-familia-estrangeira-por-odio-racial--14228282.html,
https://www.jn.pt/justica/eleito-do-chega-detido-outra-vez-por-atacar-estrangeiros-14354672.html,1970-08-23 00:43:36.211341,200,1,eleito do chega detido outra vez por atacar estrangeiros,jn.pt/,https://arquivo.pt/wayback/19700823004336/https://www.jn.pt/justica/eleito-do-chega-detido-outra-vez-por-atacar-estrangeiros-14354672.html,
https://www.jn.pt/justica/imunidade-de-novos-deputados-do-chega-atrasa-processo-crime--14561388.html,1970-08-23 00:48:22.000004,200,3,imunidade de novos deputados do chega atrasa processo crime,jn.pt/,https://arquivo.pt/wayback/19700823004822/https://www.jn.pt/justica/imunidade-de-novos-deputados-do-chega-atrasa-processo-crime--14561388.html,
https://www.jn.pt/justica/ministerio-publico-quer-ex-autarca-punido-por-dizer-neonazis-do-chega-16053568.html,1970-08-23 03:32:07.210601,200,3,ministerio publico quer ex autarca punido por dizer neonazis do chega,jn.pt/,https://arquivo.pt/wayback/19700823033207/https://www.jn.pt/justica/ministerio-publico-quer-ex-autarca-punido-por-dizer-neonazis-do-chega-16053568.html,
https://www.jn.pt/local/noticias/braga/barcelos/agressoes-entre-membros-do-mas-e-do-chega-mancham-campanha-em-barcelos-14517319.html,1970-08-23 00:42:02.181739,200,1,agressoes entre membros do mas e do chega mancham campanha em barcelos,jn.pt/,https://arquivo.pt/wayback/19700823004202/https://www.jn.pt/local/noticias/braga/barcelos/agressoes-entre-membros-do-mas-e-do-chega-mancham-campanha-em-barcelos-14517319.html,
https://www.jn.pt/local/noticias/braga/braga/amp/eugenia-santos-candidata-do-chega-em-braga-13560768.html,1970-08-23 00:43:22.135041,200,1,eugenia santos candidata do chega em braga,jn.pt/,https://arquivo.pt/wayback/19700823004322/https://www.jn.pt/local/noticias/braga/braga/amp/eugenia-santos-candidata-do-chega-em-braga-13560768.html,
https://www.jn.pt/local/noticias/braga/vila-verde/amp/vereador-contesta-novo-lider-do-chega-em-vila-verde-14696320.html,1970-08-23 00:45:19.205732,200,1,vereador contesta novo lider do chega em vila verde,jn.pt/,https://arquivo.pt/wayback/19700823004519/https://www.jn.pt/local/noticias/braga/vila-verde/amp/vereador-contesta-novo-lider-do-chega-em-vila-verde-14696320.html,
https://www.jn.pt/local/noticias/lisboa/lisboa/amp/listas-por-lisboa-do-chega-cds-pp-e-nos-cidadaos-violam-lei-da-paridade--14471996.html,1970-08-23 00:41:48.231448,200,2,listas por lisboa do chega cds pp e nos cidadaos violam lei da paridade,jn.pt/,https://arquivo.pt/wayback/19700823004148/https://www.jn.pt/local/noticias/lisboa/lisboa/amp/listas-por-lisboa-do-chega-cds-pp-e-nos-cidadaos-violam-lei-da-paridade--14471996.html,
https://www.jn.pt/local/noticias/lisboa/lisboa/camara-de-lisboa-volta-a-retirar-outdoor-do-chega-no-marques-de-pombal-15319869.html,1970-08-23 00:58:25.185957,200,1,camara de lisboa volta a retirar outdoor do chega no marques de pombal,jn.pt/,https://arquivo.pt/wayback/19700823005825/https://www.jn.pt/local/noticias/lisboa/lisboa/camara-de-lisboa-volta-a-retirar-outdoor-do-chega-no-marques-de-pombal-15319869.html,
https://www.jn.pt/local/noticias/porto/porto/amp/cafe-vitoria-fecha-portas-11-anos-depois-tudo-o-que-e-bom-tem-um-fim-e-o-nosso-chega-agora-15540190.html,1970-08-23 01:00:24.222701,200,1,cafe vitoria fecha portas 11 anos depois tudo o que e bom tem um fim e o nosso chega agora,jn.pt/,https://arquivo.pt/wayback/19700823010024/https://www.jn.pt/local/noticias/porto/porto/amp/cafe-vitoria-fecha-portas-11-anos-depois-tudo-o-que-e-bom-tem-um-fim-e-o-nosso-chega-agora-15540190.html,
https://www.jn.pt/local/noticias/setubal/sesimbra/amp/vereador-do-chega-em-sesimbra-demite-se-do-partido-14451521.html,1970-08-23 00:42:02.225023,200,1,vereador do chega em sesimbra demite se do partido,jn.pt/,https://arquivo.pt/wayback/19700823004202/https://www.jn.pt/local/noticias/setubal/sesimbra/amp/vereador-do-chega-em-sesimbra-demite-se-do-partido-14451521.html,
https://www.jn.pt/nacional/-nao-quero-o-eleitorado-do-chega-afirma-rui-rio-14446036.html,1970-08-23 00:48:26.001839,200,1,  nao quero o eleitorado do chega afirma rui rio,jn.pt/,https://arquivo.pt/wayback/19700823004826/https://www.jn.pt/nacional/-nao-quero-o-eleitorado-do-chega-afirma-rui-rio-14446036.html,
https://www.jn.pt/nacional/advogadas-juntam-se-a-ana-gomes-para-pedir-ilegalizacao-do-chega-13752514.html,1970-08-23 00:53:32.170927,200,1,advogadas juntam se a ana gomes para pedir ilegalizacao do chega,jn.pt/,https://arquivo.pt/wayback/19700823005332/https://www.jn.pt/nacional/advogadas-juntam-se-a-ana-gomes-para-pedir-ilegalizacao-do-chega-13752514.html,
https://www.jn.pt/nacional/amp/ana-catarina-mendes-lamenta-discurso-de-odio-na-convencao-do-chega-15745645.html?utm_source=dn.pt&utm_medium=recomendadas&utm_campaign=rec_edit_externo,1970-08-23 03:28:50.204233,200,1,ana catarina mendes lamenta discurso de odio na convencao do chega,jn.pt/,https://arquivo.pt/wayback/19700823032850/https://www.jn.pt/nacional/amp/ana-catarina-mendes-lamenta-discurso-de-odio-na-convencao-do-chega-15745645.html?utm_source=dn.pt&utm_medium=recomendadas&utm_campaign=rec_edit_externo,
https://www.jn.pt/nacional/amp/andre-ventura-reeleito-lider-do-chega-com-983-dos-votos-15740699.html,1970-08-23 03:28:49.193943,200,3,andre ventura reeleito lider do chega com 983 dos votos,jn.pt/,https://arquivo.pt/wayback/19700823032849/https://www.jn.pt/nacional/amp/andre-ventura-reeleito-lider-do-chega-com-983-dos-votos-15740699.html,
https://www.jn.pt/nacional/amp/andre-ventura-reeleito-presidente-do-chega-com-94-dos-votos-14295071.html,1970-08-23 00:42:05.150811,200,2,andre ventura reeleito presidente do chega com 94 dos votos,jn.pt/,https://arquivo.pt/wayback/19700823004205/https://www.jn.pt/nacional/amp/andre-ventura-reeleito-presidente-do-chega-com-94-dos-votos-14295071.html,
https://www.jn.pt/nacional/amp/andre-ventura-retira-confianca-ao-dirigente-do-chega-nos-acores-13937943.html,1970-08-23 00:43:29.134008,200,1,andre ventura retira confianca ao dirigente do chega nos acores,jn.pt/,https://arquivo.pt/wayback/19700823004329/https://www.jn.pt/nacional/amp/andre-ventura-retira-confianca-ao-dirigente-do-chega-nos-acores-13937943.html,
https://www.jn.pt/nacional/amp/animos-exaltados-no-congresso-do-chega-por-causa-de-mocao-de-vila-do-conde-14359149.html,1970-08-23 00:43:22.153336,200,1,animos exaltados no congresso do chega por causa de mocao de vila do conde,jn.pt/,https://arquivo.pt/wayback/19700823004322/https://www.jn.pt/nacional/amp/animos-exaltados-no-congresso-do-chega-por-causa-de-mocao-de-vila-do-conde-14359149.html,
https://www.jn.pt/nacional/amp/autarca-do-chega-suspeito-de-disparos-contra-familia-sueca-renuncia-14236043.html,1970-08-23 00:43:36.211357,200,1,autarca do chega suspeito de disparos contra familia sueca renuncia,jn.pt/,https://arquivo.pt/wayback/19700823004336/https://www.jn.pt/nacional/amp/autarca-do-chega-suspeito-de-disparos-contra-familia-sueca-renuncia-14236043.html,
https://www.jn.pt/nacional/amp/bancada-do-psd-analisa-vice-presidente-proposto-pelo-chega-na-proxima-semana-14567798.html,1970-08-23 00:43:28.004339,200,4,bancada do psd analisa vice presidente proposto pelo chega na proxima semana,jn.pt/,https://arquivo.pt/wayback/19700823004328/https://www.jn.pt/nacional/amp/bancada-do-psd-analisa-vice-presidente-proposto-pelo-chega-na-proxima-semana-14567798.html,
https://www.jn.pt/nacional/amp/be-vai-votar-contra-nome-proposto-pelo-chega-para-vice-presidente-do-parlamento-14571002.html,1970-08-23 00:43:29.003550,200,1,be vai votar contra nome proposto pelo chega para vice presidente do parlamento,jn.pt/,https://arquivo.pt/wayback/19700823004329/https://www.jn.pt/nacional/amp/be-vai-votar-contra-nome-proposto-pelo-chega-para-vice-presidente-do-parlamento-14571002.html,
https://www.jn.pt/nacional/amp/bolsonaro-convidado-para-evento-do-chega-e-marcelo-estara-disponivel-para-o-receber-16057988.html,1970-08-23 03:32:03.195801,200,1,bolsonaro convidado para evento do chega e marcelo estara disponivel para o receber,jn.pt/,https://arquivo.pt/wayback/19700823033203/https://www.jn.pt/nacional/amp/bolsonaro-convidado-para-evento-do-chega-e-marcelo-estara-disponivel-para-o-receber-16057988.html,
https://www.jn.pt/nacional/amp/cacetadas-no-pcp-e-aclamacao-de-ventura-o-que-dizem-os-militantes-do-chega-15739507.html,1970-08-23 03:28:48.190841,200,4,cacetadas no pcp e aclamacao de ventura o que dizem os militantes do chega,jn.pt/,https://arquivo.pt/wayback/19700823032848/https://www.jn.pt/nacional/amp/cacetadas-no-pcp-e-aclamacao-de-ventura-o-que-dizem-os-militantes-do-chega-15739507.html,
https://www.jn.pt/nacional/amp/cds-e-il-nao-participam-num-governo-do-psd-apoiado-pelo-chega-14464840.html,1970-08-23 00:41:46.231745,200,1,cds e il nao participam num governo do psd apoiado pelo chega,jn.pt/,https://arquivo.pt/wayback/19700823004146/https://www.jn.pt/nacional/amp/cds-e-il-nao-participam-num-governo-do-psd-apoiado-pelo-chega-14464840.html,
https://www.jn.pt/nacional/amp/chumbada-mocao-de-censura-do-chega-ao-governo-14998509.html,1970-08-23 00:51:47.035900,200,1,chumbada mocao de censura do chega ao governo,jn.pt/,https://arquivo.pt/wayback/19700823005147/https://www.jn.pt/nacional/amp/chumbada-mocao-de-censura-do-chega-ao-governo-14998509.html,
https://www.jn.pt/nacional/amp/comissao-de-assuntos-constitucionais-avalia-resolucao-de-censura-do-chega-em-setembro-15049281.html,1970-08-23 00:52:07.115304,200,2,comissao de assuntos constitucionais avalia resolucao de censura do chega em setembro,jn.pt/,https://arquivo.pt/wayback/19700823005207/https://www.jn.pt/nacional/amp/comissao-de-assuntos-constitucionais-avalia-resolucao-de-censura-do-chega-em-setembro-15049281.html,
https://www.jn.pt/nacional/amp/congresso-do-chega-para-rever-estatutos-realiza-se-de-27-a-29-de-janeiro-15463362.html,1970-08-23 01:00:11.185459,200,1,congresso do chega para rever estatutos realiza se de 27 a 29 de janeiro,jn.pt/,https://arquivo.pt/wayback/19700823010011/https://www.jn.pt/nacional/amp/congresso-do-chega-para-rever-estatutos-realiza-se-de-27-a-29-de-janeiro-15463362.html,
https://www.jn.pt/nacional/amp/constitucional-pediu-explicacoes-ao-chega-sobre-impugnacao-de-lista-14369548.html,1970-08-23 00:48:28.002251,200,1,constitucional pediu explicacoes ao chega sobre impugnacao de lista,jn.pt/,https://arquivo.pt/wayback/19700823004828/https://www.jn.pt/nacional/amp/constitucional-pediu-explicacoes-ao-chega-sobre-impugnacao-de-lista-14369548.html,
https://www.jn.pt/nacional/amp/convencao-do-chega-comeca-com-quase-uma-hora-de-atraso-15736310.html,1970-08-23 03:28:48.191005,200,1,convencao do chega comeca com quase uma hora de atraso,jn.pt/,https://arquivo.pt/wayback/19700823032848/https://www.jn.pt/nacional/amp/convencao-do-chega-comeca-com-quase-uma-hora-de-atraso-15736310.html,
https://www.jn.pt/nacional/amp/costa-acusa-il-de-competir-com-chega-no-lamacal-e-diz-perceber-saida-do-lider-15282251.html,1970-08-23 00:57:04.175209,200,1,costa acusa il de competir com chega no lamacal e diz perceber saida do lider,jn.pt/,https://arquivo.pt/wayback/19700823005704/https://www.jn.pt/nacional/amp/costa-acusa-il-de-competir-com-chega-no-lamacal-e-diz-perceber-saida-do-lider-15282251.html,
https://www.jn.pt/nacional/amp/costa-acusa-psd-de-estar-na-mao-do-chega-14534742.html,1970-08-23 00:42:08.233800,200,3,costa acusa psd de estar na mao do chega,jn.pt/,https://arquivo.pt/wayback/19700823004208/https://www.jn.pt/nacional/amp/costa-acusa-psd-de-estar-na-mao-do-chega-14534742.html,
https://www.jn.pt/nacional/amp/costa-diz-que-governo-vai-receber-chega-em-audiencias-sobre-materias-institucionais-14573420.html,1970-08-23 00:43:29.200405,200,1,costa diz que governo vai receber chega em audiencias sobre materias institucionais,jn.pt/,https://arquivo.pt/wayback/19700823004329/https://www.jn.pt/nacional/amp/costa-diz-que-governo-vai-receber-chega-em-audiencias-sobre-materias-institucionais-14573420.html,
https://www.jn.pt/nacional/amp/costa-e-rio-disputam-lugar-de-maior-inimigo-do-chega-14530914.html,1970-08-23 00:42:07.182919,200,2,costa e rio disputam lugar de maior inimigo do chega,jn.pt/,https://arquivo.pt/wayback/19700823004207/https://www.jn.pt/nacional/amp/costa-e-rio-disputam-lugar-de-maior-inimigo-do-chega-14530914.html,
https://www.jn.pt/nacional/amp/costa-responde-a-cavaco-perigoso-e-a-direita-democratica-condicionar-se-pelo-chega-15853782.html,1970-08-23 03:30:17.145158,200,5,costa responde a cavaco perigoso e a direita democratica condicionar se pelo chega,jn.pt/,https://arquivo.pt/wayback/19700823033017/https://www.jn.pt/nacional/amp/costa-responde-a-cavaco-perigoso-e-a-direita-democratica-condicionar-se-pelo-chega-15853782.html,
https://www.jn.pt/nacional/amp/cristina-rodrigues-vai-ser-assessora-do-chega--14706886.html,1970-08-23 00:45:23.210928,200,5,cristina rodrigues vai ser assessora do chega,jn.pt/,https://arquivo.pt/wayback/19700823004523/https://www.jn.pt/nacional/amp/cristina-rodrigues-vai-ser-assessora-do-chega--14706886.html,
https://www.jn.pt/nacional/amp/deputado-do-chega-chegou-atrasado-e-nao-sabia-que-colegas-tinham-saido-15038667.html,1970-08-23 00:52:02.092503,200,2,deputado do chega chegou atrasado e nao sabia que colegas tinham saido,jn.pt/,https://arquivo.pt/wayback/19700823005202/https://www.jn.pt/nacional/amp/deputado-do-chega-chegou-atrasado-e-nao-sabia-que-colegas-tinham-saido-15038667.html,
https://www.jn.pt/nacional/amp/deus-patria-e-familia-a-frase-do-estado-novo-repetida-no-congresso-do-chega-14361074.html,1970-08-23 00:42:05.150120,200,2,deus patria e familia a frase do estado novo repetida no congresso do chega,jn.pt/,https://arquivo.pt/wayback/19700823004205/https://www.jn.pt/nacional/amp/deus-patria-e-familia-a-frase-do-estado-novo-repetida-no-congresso-do-chega-14361074.html,
https://www.jn.pt/nacional/amp/direcao-do-chega-aprovada-com-85-dos-votos-do-congresso-14361579.html,1970-08-23 00:41:48.010904,200,3,direcao do chega aprovada com 85 dos votos do congresso,jn.pt/,https://arquivo.pt/wayback/19700823004148/https://www.jn.pt/nacional/amp/direcao-do-chega-aprovada-com-85-dos-votos-do-congresso-14361579.html,
https://www.jn.pt/nacional/amp/e-incompreensivel-que-ps-e-psd-tenham-aceitado-vir-a-jogo-a-reboque-do-chega-15343086.html,1970-08-23 00:58:32.003907,200,1,e incompreensivel que ps e psd tenham aceitado vir a jogo a reboque do chega,jn.pt/,https://arquivo.pt/wayback/19700823005832/https://www.jn.pt/nacional/amp/e-incompreensivel-que-ps-e-psd-tenham-aceitado-vir-a-jogo-a-reboque-do-chega-15343086.html,
https://www.jn.pt/nacional/amp/efeitos-de-propaganda-il-avisa-que-votos-no-chega-serao-desperdicio-14066588.html,1970-08-23 00:42:06.002347,200,1,efeitos de propaganda il avisa que votos no chega serao desperdicio,jn.pt/,https://arquivo.pt/wayback/19700823004206/https://www.jn.pt/nacional/amp/efeitos-de-propaganda-il-avisa-que-votos-no-chega-serao-desperdicio-14066588.html,
https://www.jn.pt/nacional/amp/eutanasia-aprovada-na-especialidade-com-votos-contra-de-chega-e-pcp-15442792.html,1970-08-23 01:00:07.185329,200,1,eutanasia aprovada na especialidade com votos contra de chega e pcp,jn.pt/,https://arquivo.pt/wayback/19700823010007/https://www.jn.pt/nacional/amp/eutanasia-aprovada-na-especialidade-com-votos-contra-de-chega-e-pcp-15442792.html,
https://www.jn.pt/nacional/amp/eutanasia-leva-psd-a-fazer-repto-ao-chega-e-acabam-os-dois-a-trocar-mimos-16101511.html,1970-08-23 03:32:11.184432,200,1,eutanasia leva psd a fazer repto ao chega e acabam os dois a trocar mimos,jn.pt/,https://arquivo.pt/wayback/19700823033211/https://www.jn.pt/nacional/amp/eutanasia-leva-psd-a-fazer-repto-ao-chega-e-acabam-os-dois-a-trocar-mimos-16101511.html,
https://www.jn.pt/nacional/amp/ex-deputado-do-chega-contraria-ventura-obviamente-fico-como-independente-13938783.html,1970-08-23 00:43:29.133950,200,1,ex deputado do chega contraria ventura obviamente fico como independente,jn.pt/,https://arquivo.pt/wayback/19700823004329/https://www.jn.pt/nacional/amp/ex-deputado-do-chega-contraria-ventura-obviamente-fico-como-independente-13938783.html,
https://www.jn.pt/nacional/amp/francisco-louca-para-o-partido-socialista-o-chega-e-o-euromilhoes-15865555.html,1970-08-23 03:30:19.191332,200,2,francisco louca para o partido socialista o chega e o euromilhoes,jn.pt/,https://arquivo.pt/wayback/19700823033019/https://www.jn.pt/nacional/amp/francisco-louca-para-o-partido-socialista-o-chega-e-o-euromilhoes-15865555.html,
https://www.jn.pt/nacional/amp/ivo-lucas-cancela-concerto-no-festival-do-chega-14857315.html,1970-08-23 00:48:35.184651,200,6,ivo lucas cancela concerto no festival do chega,jn.pt/,https://arquivo.pt/wayback/19700823004835/https://www.jn.pt/nacional/amp/ivo-lucas-cancela-concerto-no-festival-do-chega-14857315.html,
https://www.jn.pt/nacional/amp/joacine-apresenta-queixa-apos-ataquemisogino-de-vice-presidente-do-chega-14271172.html,1970-08-23 00:43:31.012108,200,1,joacine apresenta queixa apos ataquemisogino de vice presidente do chega,jn.pt/,https://arquivo.pt/wayback/19700823004331/https://www.jn.pt/nacional/amp/joacine-apresenta-queixa-apos-ataquemisogino-de-vice-presidente-do-chega-14271172.html,
https://www.jn.pt/nacional/amp/lider-do-cds-rejeita-assinar-acordo-escrito-com-o-chega-14519656.html,1970-08-23 00:42:05.011614,200,4,lider do cds rejeita assinar acordo escrito com o chega,jn.pt/,https://arquivo.pt/wayback/19700823004205/https://www.jn.pt/nacional/amp/lider-do-cds-rejeita-assinar-acordo-escrito-com-o-chega-14519656.html,
https://www.jn.pt/nacional/amp/lider-parlamentar-do-psd-pede-a-deputados-que-votem-a-favor-do-candidato-do-chega-a-vice-da-ar-15187999.html,1970-08-23 00:55:22.175526,200,1,lider parlamentar do psd pede a deputados que votem a favor do candidato do chega a vice da ar,jn.pt/,https://arquivo.pt/wayback/19700823005522/https://www.jn.pt/nacional/amp/lider-parlamentar-do-psd-pede-a-deputados-que-votem-a-favor-do-candidato-do-chega-a-vice-da-ar-15187999.html,
https://www.jn.pt/nacional/amp/mais-de-cem-militantes-do-chega-regressam-ao-cds-pp-15930327.html,1970-08-23 03:31:42.192206,200,1,mais de cem militantes do chega regressam ao cds pp,jn.pt/,https://arquivo.pt/wayback/19700823033142/https://www.jn.pt/nacional/amp/mais-de-cem-militantes-do-chega-regressam-ao-cds-pp-15930327.html,
https://www.jn.pt/nacional/amp/militantes-do-chega-reforcam-poder-interno-de-ventura-14358990.html,1970-08-23 00:43:22.141146,200,1,militantes do chega reforcam poder interno de ventura,jn.pt/,https://arquivo.pt/wayback/19700823004322/https://www.jn.pt/nacional/amp/militantes-do-chega-reforcam-poder-interno-de-ventura-14358990.html,
https://www.jn.pt/nacional/amp/mitha-ribeiro-demite-se-de-vice-presidente-do-chega-15107817.html,1970-08-23 00:53:42.164510,200,3,mitha ribeiro demite se de vice presidente do chega,jn.pt/,https://arquivo.pt/wayback/19700823005342/https://www.jn.pt/nacional/amp/mitha-ribeiro-demite-se-de-vice-presidente-do-chega-15107817.html,
https://www.jn.pt/nacional/amp/mitha-ribeiro-garante-que-cumprira-mandato-de-deputado-dentro-ou-fora-do-chega-15120145.html,1970-08-23 00:53:48.175455,200,1,mitha ribeiro garante que cumprira mandato de deputado dentro ou fora do chega,jn.pt/,https://arquivo.pt/wayback/19700823005348/https://www.jn.pt/nacional/amp/mitha-ribeiro-garante-que-cumprira-mandato-de-deputado-dentro-ou-fora-do-chega-15120145.html,
https://www.jn.pt/nacional/amp/mocao-de-censura-do-chega-pretende-sinalizar-erros-graves-do-governo-14988764.html,1970-08-23 00:51:46.132909,200,2,mocao de censura do chega pretende sinalizar erros graves do governo,jn.pt/,https://arquivo.pt/wayback/19700823005146/https://www.jn.pt/nacional/amp/mocao-de-censura-do-chega-pretende-sinalizar-erros-graves-do-governo-14988764.html,
https://www.jn.pt/nacional/amp/mocao-de-rejeicao-ao-governo-chumbada-so-o-chega-votou-a-favor-14754788.html,1970-08-23 00:46:48.200854,200,1,mocao de rejeicao ao governo chumbada so o chega votou a favor,jn.pt/,https://arquivo.pt/wayback/19700823004648/https://www.jn.pt/nacional/amp/mocao-de-rejeicao-ao-governo-chumbada-so-o-chega-votou-a-favor-14754788.html,
https://www.jn.pt/nacional/amp/montenegro-acusa-santos-silva-de-ser-o-maior-cumplice-politico-do-chega-15797625.html,1970-08-23 03:30:07.213520,200,1,montenegro acusa santos silva de ser o maior cumplice politico do chega,jn.pt/,https://arquivo.pt/wayback/19700823033007/https://www.jn.pt/nacional/amp/montenegro-acusa-santos-silva-de-ser-o-maior-cumplice-politico-do-chega-15797625.html,
https://www.jn.pt/nacional/amp/montenegro-diz-que-acordo-com-chega-nos-acores-nao-fere-principios-do-psd-15026908.html,1970-08-23 00:51:58.062320,200,5,montenegro diz que acordo com chega nos acores nao fere principios do psd,jn.pt/,https://arquivo.pt/wayback/19700823005158/https://www.jn.pt/nacional/amp/montenegro-diz-que-acordo-com-chega-nos-acores-nao-fere-principios-do-psd-15026908.html,
https://www.jn.pt/nacional/amp/montenegro-quer-que-santos-silva-convenca-deputados-a-aceitar-vice-do-chega-15199957.html?utm_source=dinheirovivo.pt&utm_medium=recomendadas&utm_campaign=rec_edit_externo,1970-08-23 00:55:27.214929,200,1,montenegro quer que santos silva convenca deputados a aceitar vice do chega,jn.pt/,https://arquivo.pt/wayback/19700823005527/https://www.jn.pt/nacional/amp/montenegro-quer-que-santos-silva-convenca-deputados-a-aceitar-vice-do-chega-15199957.html?utm_source=dinheirovivo.pt&utm_medium=recomendadas&utm_campaign=rec_edit_externo,
https://www.jn.pt/nacional/amp/pacheco-pereira-considera-inaceitavel-recomendacao-no-psd-para-voto-no-chega-15198894.html,1970-08-23 00:55:26.175217,200,5,pacheco pereira considera inaceitavel recomendacao no psd para voto no chega,jn.pt/,https://arquivo.pt/wayback/19700823005526/https://www.jn.pt/nacional/amp/pacheco-pereira-considera-inaceitavel-recomendacao-no-psd-para-voto-no-chega-15198894.html,
https://www.jn.pt/nacional/amp/pai-de-deputada-do-chega-demite-se-de-assessor-do-grupo-parlamentar-14811250.html,1970-08-23 00:47:09.182721,200,4,pai de deputada do chega demite se de assessor do grupo parlamentar,jn.pt/,https://arquivo.pt/wayback/19700823004709/https://www.jn.pt/nacional/amp/pai-de-deputada-do-chega-demite-se-de-assessor-do-grupo-parlamentar-14811250.html,
https://www.jn.pt/nacional/amp/parlamento-rejeita-pela-quarta-vez-candidato-do-chega-a-vice-presidente-16016732.html,1970-08-23 03:31:57.010805,200,1,parlamento rejeita pela quarta vez candidato do chega a vice presidente,jn.pt/,https://arquivo.pt/wayback/19700823033157/https://www.jn.pt/nacional/amp/parlamento-rejeita-pela-quarta-vez-candidato-do-chega-a-vice-presidente-16016732.html,
https://www.jn.pt/nacional/amp/parlamento-reprovou-proposta-de-criminalizacao-do-enriquecimento-ilicito-do-chega-13867694.html,1970-08-23 00:41:52.001142,200,2,parlamento reprovou proposta de criminalizacao do enriquecimento ilicito do chega,jn.pt/,https://arquivo.pt/wayback/19700823004152/https://www.jn.pt/nacional/amp/parlamento-reprovou-proposta-de-criminalizacao-do-enriquecimento-ilicito-do-chega-13867694.html,
https://www.jn.pt/nacional/amp/pedro-pinto-eleito-por-unanimidade-lider-do-grupo-parlamentar-do-chega-14910866.html,1970-08-23 00:50:02.191847,200,1,pedro pinto eleito por unanimidade lider do grupo parlamentar do chega,jn.pt/,https://arquivo.pt/wayback/19700823005002/https://www.jn.pt/nacional/amp/pedro-pinto-eleito-por-unanimidade-lider-do-grupo-parlamentar-do-chega-14910866.html,
https://www.jn.pt/nacional/amp/plenario-rejeita-levantar-imunidade-de-catarina-martins-sob-protesto-do-chega-15774889.html,1970-08-23 03:30:03.191104,200,1,plenario rejeita levantar imunidade de catarina martins sob protesto do chega,jn.pt/,https://arquivo.pt/wayback/19700823033003/https://www.jn.pt/nacional/amp/plenario-rejeita-levantar-imunidade-de-catarina-martins-sob-protesto-do-chega-15774889.html,
https://www.jn.pt/nacional/amp/ps-assegura-que-linha-vermelha-contra-o-chega-nao-se-moveu-um-milimetro-15750321.html,1970-08-23 03:28:50.182300,200,1,ps assegura que linha vermelha contra o chega nao se moveu um milimetro,jn.pt/,https://arquivo.pt/wayback/19700823032850/https://www.jn.pt/nacional/amp/ps-assegura-que-linha-vermelha-contra-o-chega-nao-se-moveu-um-milimetro-15750321.html,
https://www.jn.pt/nacional/amp/ps-assume-que-nao-quis-negociar-orcamento-com-o-chega-15387340.html,1970-08-23 00:58:45.185939,200,1,ps assume que nao quis negociar orcamento com o chega,jn.pt/,https://arquivo.pt/wayback/19700823005845/https://www.jn.pt/nacional/amp/ps-assume-que-nao-quis-negociar-orcamento-com-o-chega-15387340.html,
https://www.jn.pt/nacional/amp/ps-desafia-montenegro-a-clarificar-relacao-com-chega-15863183.html,1970-08-23 03:30:18.192558,200,1,ps desafia montenegro a clarificar relacao com chega,jn.pt/,https://arquivo.pt/wayback/19700823033018/https://www.jn.pt/nacional/amp/ps-desafia-montenegro-a-clarificar-relacao-com-chega-15863183.html,
https://www.jn.pt/nacional/amp/ps-e-psd-em-lisboa-repudiam-intervencao-racista-e-xenofoba-do-chega-sobre-imigrantes-15182143.html,1970-08-23 00:55:21.175316,200,1,ps e psd em lisboa repudiam intervencao racista e xenofoba do chega sobre imigrantes,jn.pt/,https://arquivo.pt/wayback/19700823005521/https://www.jn.pt/nacional/amp/ps-e-psd-em-lisboa-repudiam-intervencao-racista-e-xenofoba-do-chega-sobre-imigrantes-15182143.html,
https://www.jn.pt/nacional/amp/ps-vai-presidir-a-comissao-de-inquerito-sobre-a-tap-mas-defendia-que-devia-ser-o-chega--15762049.html,1970-08-23 03:30:01.190936,200,1,ps vai presidir a comissao de inquerito sobre a tap mas defendia que devia ser o chega,jn.pt/,https://arquivo.pt/wayback/19700823033001/https://www.jn.pt/nacional/amp/ps-vai-presidir-a-comissao-de-inquerito-sobre-a-tap-mas-defendia-que-devia-ser-o-chega--15762049.html,
https://www.jn.pt/nacional/amp/psd-desistiu-de-disputar-o-centro-e-quer-eleitorado-do-chega-acusa-costa--14534005.html,1970-08-23 00:42:08.005852,200,8,psd desistiu de disputar o centro e quer eleitorado do chega acusa costa,jn.pt/,https://arquivo.pt/wayback/19700823004208/https://www.jn.pt/nacional/amp/psd-desistiu-de-disputar-o-centro-e-quer-eleitorado-do-chega-acusa-costa--14534005.html,
https://www.jn.pt/nacional/amp/psd-e-cds-vao-assinar-acordo-quadro-que-exclui-chega-de-coligacoes-13285262.html,1970-08-23 00:43:22.165750,200,1,psd e cds vao assinar acordo quadro que exclui chega de coligacoes,jn.pt/,https://arquivo.pt/wayback/19700823004322/https://www.jn.pt/nacional/amp/psd-e-cds-vao-assinar-acordo-quadro-que-exclui-chega-de-coligacoes-13285262.html,
https://www.jn.pt/nacional/amp/psd-vai-abster-se-na-mocao-de-censura-do-chega-ao-governo-14994780.html,1970-08-23 00:51:46.061911,200,11,psd vai abster se na mocao de censura do chega ao governo,jn.pt/,https://arquivo.pt/wayback/19700823005146/https://www.jn.pt/nacional/amp/psd-vai-abster-se-na-mocao-de-censura-do-chega-ao-governo-14994780.html,
https://www.jn.pt/nacional/amp/psd-vai-abster-se-na-votacao-da-mocao-de-rejeicao-do-chega-14751178.html,1970-08-23 00:46:47.183441,200,1,psd vai abster se na votacao da mocao de rejeicao do chega,jn.pt/,https://arquivo.pt/wayback/19700823004647/https://www.jn.pt/nacional/amp/psd-vai-abster-se-na-votacao-da-mocao-de-rejeicao-do-chega-14751178.html,
https://www.jn.pt/nacional/amp/psd-votara-a-favor-dos-inqueritos-parlamentares-de-chega-e-be-sobre-a-tap-15609910.html,1970-08-23 03:28:26.130009,200,13,psd votara a favor dos inqueritos parlamentares de chega e be sobre a tap,jn.pt/,https://arquivo.pt/wayback/19700823032826/https://www.jn.pt/nacional/amp/psd-votara-a-favor-dos-inqueritos-parlamentares-de-chega-e-be-sobre-a-tap-15609910.html,
https://www.jn.pt/nacional/amp/queremos-o-eleitorado-do-chega-o-psd-vai-lutar-por-esses-votos-15007048.html,1970-08-23 00:51:52.082033,200,5,queremos o eleitorado do chega o psd vai lutar por esses votos,jn.pt/,https://arquivo.pt/wayback/19700823005152/https://www.jn.pt/nacional/amp/queremos-o-eleitorado-do-chega-o-psd-vai-lutar-por-esses-votos-15007048.html,
https://www.jn.pt/nacional/amp/rejeitada-reclamacao-do-chega-por-redacao-final-nao-modificar-pensamento-legislativo-15539722.html,1970-08-23 01:00:23.233442,200,2,rejeitada reclamacao do chega por redacao final nao modificar pensamento legislativo,jn.pt/,https://arquivo.pt/wayback/19700823010023/https://www.jn.pt/nacional/amp/rejeitada-reclamacao-do-chega-por-redacao-final-nao-modificar-pensamento-legislativo-15539722.html,
https://www.jn.pt/nacional/amp/rio-diz-que-costa-quer-uma-grande-votacao-no-chega-14529687.html,1970-08-23 00:42:07.013219,200,4,rio diz que costa quer uma grande votacao no chega,jn.pt/,https://arquivo.pt/wayback/19700823004207/https://www.jn.pt/nacional/amp/rio-diz-que-costa-quer-uma-grande-votacao-no-chega-14529687.html,
https://www.jn.pt/nacional/amp/rio-rejeita-coligacao-com-chega-instavel-ventura-admite-conversar-para-afastar-costa--14459005.html,1970-08-23 00:41:44.151613,200,4,rio rejeita coligacao com chega instavel ventura admite conversar para afastar costa,jn.pt/,https://arquivo.pt/wayback/19700823004144/https://www.jn.pt/nacional/amp/rio-rejeita-coligacao-com-chega-instavel-ventura-admite-conversar-para-afastar-costa--14459005.html,
https://www.jn.pt/nacional/amp/rir-retira-poderes-a-mandatario-por-beja-que-afinal-e-militante-do-chega-14363661.html,1970-08-23 00:43:22.121728,200,1,rir retira poderes a mandatario por beja que afinal e militante do chega,jn.pt/,https://arquivo.pt/wayback/19700823004322/https://www.jn.pt/nacional/amp/rir-retira-poderes-a-mandatario-por-beja-que-afinal-e-militante-do-chega-14363661.html,
https://www.jn.pt/nacional/amp/rui-rocha-saudado-por-demarcacao-face-ao-chega-lamenta-que-psd-nao-tenha-essa-clareza-15771118.html,1970-08-23 03:30:03.191344,200,1,rui rocha saudado por demarcacao face ao chega lamenta que psd nao tenha essa clareza,jn.pt/,https://arquivo.pt/wayback/19700823033003/https://www.jn.pt/nacional/amp/rui-rocha-saudado-por-demarcacao-face-ao-chega-lamenta-que-psd-nao-tenha-essa-clareza-15771118.html,
https://www.jn.pt/nacional/amp/salvini-apela-a-uniao-no-chega-13785981.html,1970-08-23 00:42:05.150113,200,2,salvini apela a uniao no chega,jn.pt/,https://arquivo.pt/wayback/19700823004205/https://www.jn.pt/nacional/amp/salvini-apela-a-uniao-no-chega-13785981.html,
https://www.jn.pt/nacional/amp/santos-silva-pede-parecer-sobre-resolucao-do-chega-para-o-censurar-15049105.html,1970-08-23 00:52:07.115323,200,2,santos silva pede parecer sobre resolucao do chega para o censurar,jn.pt/,https://arquivo.pt/wayback/19700823005207/https://www.jn.pt/nacional/amp/santos-silva-pede-parecer-sobre-resolucao-do-chega-para-o-censurar-15049105.html,
https://www.jn.pt/nacional/amp/santos-silva-pediu-parecer-sobre-resolucao-do-chega-pelo-precedente-que-cria-15056133.html,1970-08-23 00:52:09.190008,200,2,santos silva pediu parecer sobre resolucao do chega pelo precedente que cria,jn.pt/,https://arquivo.pt/wayback/19700823005209/https://www.jn.pt/nacional/amp/santos-silva-pediu-parecer-sobre-resolucao-do-chega-pelo-precedente-que-cria-15056133.html,
https://www.jn.pt/nacional/amp/sindicato-stop-desmonta-chega-defendiam-a-extincao-do-ministerio-da-educacao-15699210.html,1970-08-23 03:28:42.012012,200,2,sindicato stop desmonta chega defendiam a extincao do ministerio da educacao,jn.pt/,https://arquivo.pt/wayback/19700823032842/https://www.jn.pt/nacional/amp/sindicato-stop-desmonta-chega-defendiam-a-extincao-do-ministerio-da-educacao-15699210.html,
https://www.jn.pt/nacional/amp/supremo-condena-andre-ventura-e-chega-por-segregacao-racial-14384958.html,1970-08-23 00:41:45.002138,200,3,supremo condena andre ventura e chega por segregacao racial,jn.pt/,https://arquivo.pt/wayback/19700823004145/https://www.jn.pt/nacional/amp/supremo-condena-andre-ventura-e-chega-por-segregacao-racial-14384958.html,
https://www.jn.pt/nacional/amp/temos-orgulho-de-ser-o-inimigo-principal-do-chega-diz-costa-14527098.html,1970-08-23 00:42:06.002357,200,3,temos orgulho de ser o inimigo principal do chega diz costa,jn.pt/,https://arquivo.pt/wayback/19700823004206/https://www.jn.pt/nacional/amp/temos-orgulho-de-ser-o-inimigo-principal-do-chega-diz-costa-14527098.html,
https://www.jn.pt/nacional/amp/tiago-sousa-dias-demite-se-de-secretario-geral-do-chega-14573334.html,1970-08-23 00:43:29.200441,200,1,tiago sousa dias demite se de secretario geral do chega,jn.pt/,https://arquivo.pt/wayback/19700823004329/https://www.jn.pt/nacional/amp/tiago-sousa-dias-demite-se-de-secretario-geral-do-chega-14573334.html,
https://www.jn.pt/nacional/amp/transparencia-internacional-questiona-nomeacao-de-pai-de-deputada-para-assessor-do-chega-14808413.html,1970-08-23 00:47:08.232540,200,5,transparencia internacional questiona nomeacao de pai de deputada para assessor do chega,jn.pt/,https://arquivo.pt/wayback/19700823004708/https://www.jn.pt/nacional/amp/transparencia-internacional-questiona-nomeacao-de-pai-de-deputada-para-assessor-do-chega-14808413.html,
https://www.jn.pt/nacional/amp/vandalizados-carros-dos-congressistas-do-chega-14358357.html,1970-08-23 00:43:22.153408,200,1,vandalizados carros dos congressistas do chega,jn.pt/,https://arquivo.pt/wayback/19700823004322/https://www.jn.pt/nacional/amp/vandalizados-carros-dos-congressistas-do-chega-14358357.html,
https://www.jn.pt/nacional/amp/ventura-admite-que-se-bloco-ficar-a-frente-do-chega-e-uma-derrota-para-o-partido--14503844.html,1970-08-23 00:41:59.010507,200,3,ventura admite que se bloco ficar a frente do chega e uma derrota para o partido,jn.pt/,https://arquivo.pt/wayback/19700823004159/https://www.jn.pt/nacional/amp/ventura-admite-que-se-bloco-ficar-a-frente-do-chega-e-uma-derrota-para-o-partido--14503844.html,
https://www.jn.pt/nacional/amp/ventura-desce-chiado-a-acreditar-que-o-chega-sera-a-terceira-maior-forca--14538178.html,1970-08-23 00:42:09.192052,200,2,ventura desce chiado a acreditar que o chega sera a terceira maior forca,jn.pt/,https://arquivo.pt/wayback/19700823004209/https://www.jn.pt/nacional/amp/ventura-desce-chiado-a-acreditar-que-o-chega-sera-a-terceira-maior-forca--14538178.html,
https://www.jn.pt/nacional/amp/ventura-diz-que-rio-ou-governa-com-o-chega-ou-poe-se-nos-bracos-do-ps--14497145.html,1970-08-23 00:41:57.003631,200,5,ventura diz que rio ou governa com o chega ou poe se nos bracos do ps,jn.pt/,https://arquivo.pt/wayback/19700823004157/https://www.jn.pt/nacional/amp/ventura-diz-que-rio-ou-governa-com-o-chega-ou-poe-se-nos-bracos-do-ps--14497145.html,
https://www.jn.pt/nacional/amp/ventura-promove-pedro-pinto-e-reduz-direcao-do-chega-15742423.html,1970-08-23 03:28:49.193825,200,6,ventura promove pedro pinto e reduz direcao do chega,jn.pt/,https://arquivo.pt/wayback/19700823032849/https://www.jn.pt/nacional/amp/ventura-promove-pedro-pinto-e-reduz-direcao-do-chega-15742423.html,
https://www.jn.pt/nacional/amp/ventura-recandidata-se-a-lideranca-do-chega-14217454.html,1970-08-23 00:42:11.184351,200,2,ventura recandidata se a lideranca do chega,jn.pt/,https://arquivo.pt/wayback/19700823004211/https://www.jn.pt/nacional/amp/ventura-recandidata-se-a-lideranca-do-chega-14217454.html,
https://www.jn.pt/nacional/amp/ventura-rejeita-boicote-a-vice-da-ar-eleito-pelo-chega-ninguem-compreenderia-14553383.html,1970-08-23 00:43:22.175159,200,4,ventura rejeita boicote a vice da ar eleito pelo chega ninguem compreenderia,jn.pt/,https://arquivo.pt/wayback/19700823004322/https://www.jn.pt/nacional/amp/ventura-rejeita-boicote-a-vice-da-ar-eleito-pelo-chega-ninguem-compreenderia-14553383.html,
https://www.jn.pt/nacional/amp/ventura-surpreendido-com-chumbo-dos-estatutos-do-chega--15342048.html,1970-08-23 00:58:31.185824,200,1,ventura surpreendido com chumbo dos estatutos do chega,jn.pt/,https://arquivo.pt/wayback/19700823005831/https://www.jn.pt/nacional/amp/ventura-surpreendido-com-chumbo-dos-estatutos-do-chega--15342048.html,
https://www.jn.pt/nacional/amp/ventura-vai-nomear-rui-paulo-sousa-como-novo-secretario-geral-do-chega-14574471.html,1970-08-23 00:43:29.222007,200,1,ventura vai nomear rui paulo sousa como novo secretario geral do chega,jn.pt/,https://arquivo.pt/wayback/19700823004329/https://www.jn.pt/nacional/amp/ventura-vai-nomear-rui-paulo-sousa-como-novo-secretario-geral-do-chega-14574471.html,
https://www.jn.pt/nacional/amp/vice-do-chega-quer-erradicar-o-pcp-de-portugal-14358813.html,1970-08-23 00:43:22.121640,200,9,vice do chega quer erradicar o pcp de portugal,jn.pt/,https://arquivo.pt/wayback/19700823004322/https://www.jn.pt/nacional/amp/vice-do-chega-quer-erradicar-o-pcp-de-portugal-14358813.html,
https://www.jn.pt/nacional/andre-ventura-retira-confianca-ao-dirigente-do-chega-nos-acores-13937943.html?utm_source=feedburner&utm_medium=feed&utm_campaign=Feed%3A+JN-NACIONAL+%28JN+-+Nacional%29,1970-08-23 00:43:29.133959,200,1,andre ventura retira confianca ao dirigente do chega nos acores 13937943.html?utm_source=feedburner&utm_medium=feed&utm_campaign=Feed%3A+JN NACIONAL+%28JN+,jn.pt/,https://arquivo.pt/wayback/19700823004329/https://www.jn.pt/nacional/andre-ventura-retira-confianca-ao-dirigente-do-chega-nos-acores-13937943.html?utm_source=feedburner&utm_medium=feed&utm_campaign=Feed%3A+JN-NACIONAL+%28JN+-+Nacional%29,
https://www.jn.pt/nacional/andre-ventura-retira-confianca-ao-dirigente-do-chega-nos-acores-13937943.html?utm_source=feedburner&utm_medium=feed&utm_campaign=Feed%3A+JN-ULTIMAS+%28JN+-+Ultimas%29,1970-08-23 00:43:29.134012,200,1,andre ventura retira confianca ao dirigente do chega nos acores 13937943.html?utm_source=feedburner&utm_medium=feed&utm_campaign=Feed%3A+JN ULTIMAS+%28JN+,jn.pt/,https://arquivo.pt/wayback/19700823004329/https://www.jn.pt/nacional/andre-ventura-retira-confianca-ao-dirigente-do-chega-nos-acores-13937943.html?utm_source=feedburner&utm_medium=feed&utm_campaign=Feed%3A+JN-ULTIMAS+%28JN+-+Ultimas%29,
https://www.jn.pt/nacional/canal/legislativas-2019/andre-ventura-fala-em-feito-historico-do-chega-e-rejeita-acordos-11378534.html,1970-08-23 00:41:49.003520,200,1,andre ventura fala em feito historico do chega e rejeita acordos,jn.pt/,https://arquivo.pt/wayback/19700823004149/https://www.jn.pt/nacional/canal/legislativas-2019/andre-ventura-fala-em-feito-historico-do-chega-e-rejeita-acordos-11378534.html,
https://www.jn.pt/nacional/ex-deputado-do-chega-contraria-ventura-obviamente-fico-como-independente-13938783.html?utm_source=feedburner&utm_medium=feed&utm_campaign=Feed%3A+JN-NACIONAL+%28JN+-+Nacional%29,1970-08-23 00:43:29.133942,200,1,ex deputado do chega contraria ventura obviamente fico como independente 13938783.html?utm_source=feedburner&utm_medium=feed&utm_campaign=Feed%3A+JN NACIONAL+%28JN+,jn.pt/,https://arquivo.pt/wayback/19700823004329/https://www.jn.pt/nacional/ex-deputado-do-chega-contraria-ventura-obviamente-fico-como-independente-13938783.html?utm_source=feedburner&utm_medium=feed&utm_campaign=Feed%3A+JN-NACIONAL+%28JN+-+Nacional%29,
https://www.jn.pt/nacional/ex-deputado-do-chega-contraria-ventura-obviamente-fico-como-independente-13938783.html?utm_source=feedburner&utm_medium=feed&utm_campaign=Feed%3A+JN-ULTIMAS+%28JN+-+Ultimas%29,1970-08-23 00:43:29.133955,200,1,ex deputado do chega contraria ventura obviamente fico como independente 13938783.html?utm_source=feedburner&utm_medium=feed&utm_campaign=Feed%3A+JN ULTIMAS+%28JN+,jn.pt/,https://arquivo.pt/wayback/19700823004329/https://www.jn.pt/nacional/ex-deputado-do-chega-contraria-ventura-obviamente-fico-como-independente-13938783.html?utm_source=feedburner&utm_medium=feed&utm_campaign=Feed%3A+JN-ULTIMAS+%28JN+-+Ultimas%29,
https://www.jn.pt/nacional/fantasma-do-chega-ganha-com-desgaste-do-governo--15746100.html,1970-08-23 03:28:50.191343,200,2,fantasma do chega ganha com desgaste do governo,jn.pt/,https://arquivo.pt/wayback/19700823032850/https://www.jn.pt/nacional/fantasma-do-chega-ganha-com-desgaste-do-governo--15746100.html,
https://www.jn.pt/nacional/ha-mais-tres-suspeitas-de-candidatos-repetidos-em-listas-do-chega-14022780.html,1970-08-23 00:56:53.211312,200,2,ha mais tres suspeitas de candidatos repetidos em listas do chega,jn.pt/,https://arquivo.pt/wayback/19700823005653/https://www.jn.pt/nacional/ha-mais-tres-suspeitas-de-candidatos-repetidos-em-listas-do-chega-14022780.html,
https://www.jn.pt/nacional/metade-dos-inscritos-no-chega-podem-votar-mocao-do-lider-15172233.html,1970-08-23 00:55:17.175211,200,4,metade dos inscritos no chega podem votar mocao do lider,jn.pt/,https://arquivo.pt/wayback/19700823005517/https://www.jn.pt/nacional/metade-dos-inscritos-no-chega-podem-votar-mocao-do-lider-15172233.html,
https://www.jn.pt/nacional/o-cerco-do-chega-comeca-aqui-e-alastra-sem-parar--14563401.html,1970-08-23 00:43:26.181456,200,14,o cerco do chega comeca aqui e alastra sem parar,jn.pt/,https://arquivo.pt/wayback/19700823004326/https://www.jn.pt/nacional/o-cerco-do-chega-comeca-aqui-e-alastra-sem-parar--14563401.html,
https://www.jn.pt/nacional/psd-em-silencio-sobre-pedido-do-chega-para-inquerito-parlamentar-15359341.html,1970-08-23 00:58:37.192121,200,3,psd em silencio sobre pedido do chega para inquerito parlamentar,jn.pt/,https://arquivo.pt/wayback/19700823005837/https://www.jn.pt/nacional/psd-em-silencio-sobre-pedido-do-chega-para-inquerito-parlamentar-15359341.html,
https://www.publico.pt/2019/02/14/politica/noticia/partido-pro-vida-apoia-chega-salvar-portugal-marxismo-cultural-1861987,1970-08-23 03:30:19.015331,200,2,partido pro vida apoia chega salvar portugal marxismo cultural,publico.pt/,https://arquivo.pt/wayback/19700823033019/https://www.publico.pt/2019/02/14/politica/noticia/partido-pro-vida-apoia-chega-salvar-portugal-marxismo-cultural-1861987,
https://www.publico.pt/2019/05/21/politica/noticia/andre-ventura-chega-basta-1873348,1970-08-23 03:30:19.020239,200,1,andre ventura chega basta,publico.pt/,https://arquivo.pt/wayback/19700823033019/https://www.publico.pt/2019/05/21/politica/noticia/andre-ventura-chega-basta-1873348,
https://www.publico.pt/2019/06/30/politica/noticia/andre-ventura-escolhe-gnr-condenado-encabecar-lista-chega-porto-1878233,1970-08-23 00:42:05.233019,200,3,andre ventura escolhe gnr condenado encabecar lista chega porto,publico.pt/,https://arquivo.pt/wayback/19700823004205/https://www.publico.pt/2019/06/30/politica/noticia/andre-ventura-escolhe-gnr-condenado-encabecar-lista-chega-porto-1878233,
https://www.publico.pt/2019/10/07/politica/perfil/andre-ventura-eleito-chega-extrema-direita-parlamento-elei%C3%A7%C3%B5es-1889055,1970-08-23 00:42:06.000220,200,3,andre ventura eleito chega extrema direita parlamento elei%C3%A7%C3%B5es,publico.pt/,https://arquivo.pt/wayback/19700823004206/https://www.publico.pt/2019/10/07/politica/perfil/andre-ventura-eleito-chega-extrema-direita-parlamento-elei%C3%A7%C3%B5es-1889055,
https://www.publico.pt/2020/10/23/sociedade/noticia/ha-100-milhoes-contratar-4200-profissionais-saude-sera-chega-1936224,1970-08-23 00:43:29.122107,200,2,ha 100 milhoes contratar 4200 profissionais saude sera chega,publico.pt/,https://arquivo.pt/wayback/19700823004329/https://www.publico.pt/2020/10/23/sociedade/noticia/ha-100-milhoes-contratar-4200-profissionais-saude-sera-chega-1936224,
https://www.publico.pt/2021/11/06/politica/noticia/andre-ventura-reeleito-presidente-chega-9478-votos-1983970,1970-08-23 00:42:05.170204,200,2,andre ventura reeleito presidente chega 9478 votos,publico.pt/,https://arquivo.pt/wayback/19700823004205/https://www.publico.pt/2021/11/06/politica/noticia/andre-ventura-reeleito-presidente-chega-9478-votos-1983970,
https://www.publico.pt/2022/01/18/politica/noticia/andre-ventura-admite-nao-dados-casos-subsidiodependencia-portugal-bandeiras-chega-1992326,1970-08-23 00:41:59.235220,200,172,andre ventura admite nao dados casos subsidiodependencia portugal bandeiras chega,publico.pt/,https://arquivo.pt/wayback/19700823004159/https://www.publico.pt/2022/01/18/politica/noticia/andre-ventura-admite-nao-dados-casos-subsidiodependencia-portugal-bandeiras-chega-1992326,
https://www.publico.pt/2022/01/18/politica/noticia/andre-ventura-admite-nao-dados-casos-subsidiodependencia-portugal-bandeiras-chega-1992326?ref=hp&cx=stories_featured_c-legislativas-566383,1970-08-23 00:42:00.030816,200,2,andre ventura admite nao dados casos subsidiodependencia portugal bandeiras chega 1992326?ref = hp&cx = stories_featured_c legislativas,publico.pt/,https://arquivo.pt/wayback/19700823004200/https://www.publico.pt/2022/01/18/politica/noticia/andre-ventura-admite-nao-dados-casos-subsidiodependencia-portugal-bandeiras-chega-1992326?ref=hp&cx=stories_featured_c-legislativas-566383,
https://www.publico.pt/2022/02/08/politica/noticia/escolha-comissoes-decima-presidencia-sera-chega-1994616?ref=hp,1970-08-23 00:43:29.034222,200,2,escolha comissoes decima presidencia sera chega,publico.pt/,https://arquivo.pt/wayback/19700823004329/https://www.publico.pt/2022/02/08/politica/noticia/escolha-comissoes-decima-presidencia-sera-chega-1994616?ref=hp,
https://www.publico.pt/2024/03/11/politica/noticia/il-garantira-situacao-estavel-governacao-desde-chega-2083207,1970-08-23 06:18:45.131445,200,1,il garantira situacao estavel governacao desde chega,publico.pt/,https://arquivo.pt/wayback/19700823061845/https://www.publico.pt/2024/03/11/politica/noticia/il-garantira-situacao-estavel-governacao-desde-chega-2083207,
https://www.publico.pt/2024/03/12/politica/noticia/ppm-quer-dialogar-chega-santos-silva-admite-entendimentos-ps-psd-2083415,1970-08-23 06:18:32.234103,200,3,ppm quer dialogar chega santos silva admite entendimentos ps psd,publico.pt/,https://arquivo.pt/wayback/19700823061832/https://www.publico.pt/2024/03/12/politica/noticia/ppm-quer-dialogar-chega-santos-silva-admite-entendimentos-ps-psd-2083415,
https://www.publico.pt/2022/02/12/politica/opiniao/faltam-bons-argumentos-combater-chega-1995235,1970-08-23 00:43:32.191112,200,1,faltam bons argumentos combater chega,publico.pt/,https://arquivo.pt/wayback/19700823004332/https://www.publico.pt/2022/02/12/politica/opiniao/faltam-bons-argumentos-combater-chega-1995235,
https://www.publico.pt/2022/08/27/politica/noticia/mitha-ribeiro-admite-sair-chega-nao-assembleia-republica-2018556,1970-08-23 00:53:48.182306,200,1,mitha ribeiro admite sair chega nao assembleia republica,publico.pt/,https://arquivo.pt/wayback/19700823005348/https://www.publico.pt/2022/08/27/politica/noticia/mitha-ribeiro-admite-sair-chega-nao-assembleia-republica-2018556,
https://www.publico.pt/2022/08/28/politica/noticia/andre-ventura-vai-apresentar-mocao-confianca-definir-caminho-chega-2018581,1970-08-23 00:53:48.171404,200,124,andre ventura vai apresentar mocao confianca definir caminho chega,publico.pt/,https://arquivo.pt/wayback/19700823005348/https://www.publico.pt/2022/08/28/politica/noticia/andre-ventura-vai-apresentar-mocao-confianca-definir-caminho-chega-2018581,
https://www.publico.pt/2022/12/31/politica/opiniao/querem-entregar-chega-2033246?ref=hp&cx=manchete_2_destaques_0,1970-08-23 03:28:21.164521,200,1,querem entregar chega,publico.pt/,https://arquivo.pt/wayback/19700823032821/https://www.publico.pt/2022/12/31/politica/opiniao/querem-entregar-chega-2033246?ref=hp&cx=manchete_2_destaques_0,
https://www.sapo.pt/?utm_source=amp&utm_campaign=amp&utm_medium=web&utm_content=/noticias/atualidade/andre-ventura-quer-o-chega-a-superar-o-psd-no_6395007bbf437b4323e14080,1970-08-23 01:00:11.211632,200,2,andre ventura quer o chega a superar o psd,sapo.pt/,https://arquivo.pt/wayback/19700823010011/https://www.sapo.pt/?utm_source=amp&utm_campaign=amp&utm_medium=web&utm_content=/noticias/atualidade/andre-ventura-quer-o-chega-a-superar-o-psd-no_6395007bbf437b4323e14080,
https://www.sapo.pt/?utm_source=amp&utm_campaign=amp&utm_medium=web&utm_content=/noticias/atualidade/andre-ventura-reeleito-lider-do-chega-com-98-_63d5818600f98376d9799a2f,1970-08-23 03:28:50.022801,200,2,andre ventura reeleito lider do chega com 98,sapo.pt/,https://arquivo.pt/wayback/19700823032850/https://www.sapo.pt/?utm_source=amp&utm_campaign=amp&utm_medium=web&utm_content=/noticias/atualidade/andre-ventura-reeleito-lider-do-chega-com-98-_63d5818600f98376d9799a2f,
https://www.sapo.pt/?utm_source=amp&utm_campaign=amp&utm_medium=web&utm_content=/noticias/atualidade/antigo-vice-presidente-do-chega-contra_62828b63ab0ea750924f3eea,1970-08-23 00:48:37.001646,200,1,antigo vice presidente do chega,sapo.pt/,https://arquivo.pt/wayback/19700823004837/https://www.sapo.pt/?utm_source=amp&utm_campaign=amp&utm_medium=web&utm_content=/noticias/atualidade/antigo-vice-presidente-do-chega-contra_62828b63ab0ea750924f3eea,
https://www.sapo.pt/?utm_source=amp&utm_campaign=amp&utm_medium=web&utm_content=/noticias/atualidade/censura-do-chega-a-santos-silva-padece-de_63331cf107bee51b5425547b,1970-08-23 00:55:27.175000,200,1,censura do chega a santos silva padece,sapo.pt/,https://arquivo.pt/wayback/19700823005527/https://www.sapo.pt/?utm_source=amp&utm_campaign=amp&utm_medium=web&utm_content=/noticias/atualidade/censura-do-chega-a-santos-silva-padece-de_63331cf107bee51b5425547b,
https://www.sapo.pt/?utm_source=amp&utm_campaign=amp&utm_medium=web&utm_content=/noticias/atualidade/deputado-do-chega-eleito-por-leiria-garante_630a5c5b14cf5758ef9e8169,1970-08-23 00:53:48.200312,200,1,deputado do chega eleito por leiria,sapo.pt/,https://arquivo.pt/wayback/19700823005348/https://www.sapo.pt/?utm_source=amp&utm_campaign=amp&utm_medium=web&utm_content=/noticias/atualidade/deputado-do-chega-eleito-por-leiria-garante_630a5c5b14cf5758ef9e8169,
https://www.sapo.pt/?utm_source=amp&utm_campaign=amp&utm_medium=web&utm_content=/noticias/atualidade/deputado-do-chega-na-manifestacao-de_63e7d63ab58498768b81971d,1970-08-23 03:30:11.185828,200,1,deputado do chega na manifestacao,sapo.pt/,https://arquivo.pt/wayback/19700823033011/https://www.sapo.pt/?utm_source=amp&utm_campaign=amp&utm_medium=web&utm_content=/noticias/atualidade/deputado-do-chega-na-manifestacao-de_63e7d63ab58498768b81971d,
https://www.sapo.pt/?utm_source=amp&utm_campaign=amp&utm_medium=web&utm_content=/noticias/atualidade/lider-do-chega-acusa-presidente-da-assembleia_6251e568fe384c707e0d1ee4,1970-08-23 00:46:50.190533,200,1,lider do chega acusa presidente da,sapo.pt/,https://arquivo.pt/wayback/19700823004650/https://www.sapo.pt/?utm_source=amp&utm_campaign=amp&utm_medium=web&utm_content=/noticias/atualidade/lider-do-chega-acusa-presidente-da-assembleia_6251e568fe384c707e0d1ee4,
https://www.sapo.pt/?utm_source=amp&utm_campaign=amp&utm_medium=web&utm_content=/noticias/atualidade/lider-do-chega-confirma-exoneracao-de-chefe_6275480dab0ea750924b0736,1970-08-23 00:48:26.190931,200,2,lider do chega confirma exoneracao de,sapo.pt/,https://arquivo.pt/wayback/19700823004826/https://www.sapo.pt/?utm_source=amp&utm_campaign=amp&utm_medium=web&utm_content=/noticias/atualidade/lider-do-chega-confirma-exoneracao-de-chefe_6275480dab0ea750924b0736,
https://www.sapo.pt/?utm_source=amp&utm_campaign=amp&utm_medium=web&utm_content=/noticias/atualidade/montenegro-rejeita-aproximacao-ao-chega-e_632c8f56eeb42a1afe63b05a,1970-08-23 00:55:22.194024,200,1,montenegro rejeita aproximacao ao chega,sapo.pt/,https://arquivo.pt/wayback/19700823005522/https://www.sapo.pt/?utm_source=amp&utm_campaign=amp&utm_medium=web&utm_content=/noticias/atualidade/montenegro-rejeita-aproximacao-ao-chega-e_632c8f56eeb42a1afe63b05a,
https://www.sapo.pt/?utm_source=amp&utm_campaign=amp&utm_medium=web&utm_content=/noticias/atualidade/ps-desafia-psd-a-votar-contra-texto-do-chega-_62c5cc0fc9a1265914c586a5,1970-08-23 00:51:47.050541,200,1,ps desafia psd a votar contra texto do chega,sapo.pt/,https://arquivo.pt/wayback/19700823005147/https://www.sapo.pt/?utm_source=amp&utm_campaign=amp&utm_medium=web&utm_content=/noticias/atualidade/ps-desafia-psd-a-votar-contra-texto-do-chega-_62c5cc0fc9a1265914c586a5,
https://www.sapo.pt/?utm_source=amp&utm_campaign=amp&utm_medium=web&utm_content=/noticias/atualidade/santos-silva-rejeita-reclamacao-do-chega-por-_63a5ea25016f497684a6b9cf,1970-08-23 01:00:23.184838,200,1,santos silva rejeita reclamacao do chega por,sapo.pt/,https://arquivo.pt/wayback/19700823010023/https://www.sapo.pt/?utm_source=amp&utm_campaign=amp&utm_medium=web&utm_content=/noticias/atualidade/santos-silva-rejeita-reclamacao-do-chega-por-_63a5ea25016f497684a6b9cf,
https://www.sapo.pt/?utm_source=amp&utm_campaign=amp&utm_medium=web&utm_content=/noticias/economia/costa-acusa-il-de-competir-com-chega-no_63567ada07bee51b5430062c,1970-08-23 00:57:04.201024,200,1,costa acusa il de competir com chega,sapo.pt/,https://arquivo.pt/wayback/19700823005704/https://www.sapo.pt/?utm_source=amp&utm_campaign=amp&utm_medium=web&utm_content=/noticias/economia/costa-acusa-il-de-competir-com-chega-no_63567ada07bee51b5430062c,
https://www.sapo.pt/?utm_source=amp&utm_campaign=amp&utm_medium=web&utm_content=/noticias/economia/fim-de-apoio-do-chega-a-governo-dos-acores-e-_624ed459eb1f31707129b18a,1970-08-23 00:46:47.192238,200,1,fim de apoio do chega a governo dos acores e,sapo.pt/,https://arquivo.pt/wayback/19700823004647/https://www.sapo.pt/?utm_source=amp&utm_campaign=amp&utm_medium=web&utm_content=/noticias/economia/fim-de-apoio-do-chega-a-governo-dos-acores-e-_624ed459eb1f31707129b18a,
https://www.sapo.pt/?utm_source=amp&utm_campaign=amp&utm_medium=web&utm_content=/noticias/economia/jornadas-parlamentares-do-chega-hoje-e-2_631d70077d21e058e81fe3e1,1970-08-23 00:55:11.175244,200,1,jornadas parlamentares do chega hoje e,sapo.pt/,https://arquivo.pt/wayback/19700823005511/https://www.sapo.pt/?utm_source=amp&utm_campaign=amp&utm_medium=web&utm_content=/noticias/economia/jornadas-parlamentares-do-chega-hoje-e-2_631d70077d21e058e81fe3e1,
https://www.sapo.pt/?utm_source=amp&utm_campaign=amp&utm_medium=web&utm_content=/noticias/atualidade/pan-aponta-baterias-ao-chega-e-critica_61ed56fa31d9435ef7913c0d,1970-08-23 00:42:04.005923,200,1,pan aponta baterias ao chega e,sapo.pt/,https://arquivo.pt/wayback/19700823004204/https://www.sapo.pt/?utm_source=amp&utm_campaign=amp&utm_medium=web&utm_content=/noticias/atualidade/pan-aponta-baterias-ao-chega-e-critica_61ed56fa31d9435ef7913c0d,
https://www.sapo.pt/?utm_source=amp&utm_campaign=amp&utm_medium=web&utm_content=/noticias/atualidade/politologos-alertam-que-ascensao-do-chega-ira_61f977a7cbff2f5f4cc7d44a,1970-08-23 00:43:21.234915,200,1,politologos alertam que ascensao do chega,sapo.pt/,https://arquivo.pt/wayback/19700823004321/https://www.sapo.pt/?utm_source=amp&utm_campaign=amp&utm_medium=web&utm_content=/noticias/atualidade/politologos-alertam-que-ascensao-do-chega-ira_61f977a7cbff2f5f4cc7d44a,
https://www.sapo.pt/?utm_source=amp&utm_campaign=amp&utm_medium=web&utm_content=/noticias/atualidade/rio-rejeita-coligacao-com-chega-instavel_61d3762d6bdd612e1c6b954e,1970-08-23 00:41:44.121538,200,1,rio rejeita coligacao com chega,sapo.pt/,https://arquivo.pt/wayback/19700823004144/https://www.sapo.pt/?utm_source=amp&utm_campaign=amp&utm_medium=web&utm_content=/noticias/atualidade/rio-rejeita-coligacao-com-chega-instavel_61d3762d6bdd612e1c6b954e,
https://www.sapo.pt/?utm_source=amp&utm_campaign=amp&utm_medium=web&utm_content=/noticias/regioes/candidatos-do-chega-por-coimbra-foram-a-ccdrc_61e98ade9ecf2157cde2ff6e,1970-08-23 00:42:01.012454,200,1,candidatos do chega por coimbra foram a,sapo.pt/,https://arquivo.pt/wayback/19700823004201/https://www.sapo.pt/?utm_source=amp&utm_campaign=amp&utm_medium=web&utm_content=/noticias/regioes/candidatos-do-chega-por-coimbra-foram-a-ccdrc_61e98ade9ecf2157cde2ff6e,
https://www.sapo.pt/?utm_source=amp&utm_campaign=amp&utm_medium=web&utm_content=/noticias/regioes/listas-por-lisboa-do-chega-cds-pp-e-nos_61d8a9e12111ff2e05e07555,1970-08-23 00:41:49.014322,200,1,listas por lisboa do chega cds pp e,sapo.pt/,https://arquivo.pt/wayback/19700823004149/https://www.sapo.pt/?utm_source=amp&utm_campaign=amp&utm_medium=web&utm_content=/noticias/regioes/listas-por-lisboa-do-chega-cds-pp-e-nos_61d8a9e12111ff2e05e07555,
https://www.sapo.pt/?utm_source=amp&utm_campaign=amp&utm_medium=web&utm_content=/noticias/regioes/manuela-tender-o-chega-e-um-partido-que-faz_61e8481c9ecf2157cde2955f,1970-08-23 00:42:00.011041,200,1,manuela tender o chega e um partido que,sapo.pt/,https://arquivo.pt/wayback/19700823004200/https://www.sapo.pt/?utm_source=amp&utm_campaign=amp&utm_medium=web&utm_content=/noticias/regioes/manuela-tender-o-chega-e-um-partido-que-faz_61e8481c9ecf2157cde2955f,
https://www.sapo.pt/amp/noticias/atualidade/abstencao-do-psd-a-mocao-do-chega-e-ato-de_62c5cdf5851c5158e9e5587e,1970-08-23 00:51:47.070824,200,1,abstencao do psd a mocao do chega e ato,sapo.pt/,https://arquivo.pt/wayback/19700823005147/https://www.sapo.pt/amp/noticias/atualidade/abstencao-do-psd-a-mocao-do-chega-e-ato-de_62c5cdf5851c5158e9e5587e,
https://www.sapo.pt/amp/noticias/atualidade/antigo-vice-do-chega-suspenso-pelo-partido_6307aef6fa374c58fe5e50f2,1970-08-23 00:53:45.192928,200,1,antigo vice do chega suspenso pelo,sapo.pt/,https://arquivo.pt/wayback/19700823005345/https://www.sapo.pt/amp/noticias/atualidade/antigo-vice-do-chega-suspenso-pelo-partido_6307aef6fa374c58fe5e50f2,
https://www.sapo.pt/amp/noticias/atualidade/be-vai-votar-contra-nome-proposto-pelo-chega-_6202bba9276e6a5ef139f6d0,1970-08-23 00:43:28.233841,200,2,be vai votar contra nome proposto pelo chega,sapo.pt/,https://arquivo.pt/wayback/19700823004328/https://www.sapo.pt/amp/noticias/atualidade/be-vai-votar-contra-nome-proposto-pelo-chega-_6202bba9276e6a5ef139f6d0,
https://www.sapo.pt/amp/noticias/atualidade/cds-pp-e-il-unanimes-na-nega-ao-chega-mas-em-_61d5f886d7bd2d2e44debef4,1970-08-23 00:41:46.003851,200,1,cds pp e il unanimes na nega ao chega mas em,sapo.pt/,https://arquivo.pt/wayback/19700823004146/https://www.sapo.pt/amp/noticias/atualidade/cds-pp-e-il-unanimes-na-nega-ao-chega-mas-em-_61d5f886d7bd2d2e44debef4,
https://www.sapo.pt/amp/noticias/atualidade/lider-do-chega-diz-que-novo-ministro-das_623f719cc49da265162fa62c,1970-08-23 00:45:27.013136,200,1,lider do chega diz que novo ministro,sapo.pt/,https://arquivo.pt/wayback/19700823004527/https://www.sapo.pt/amp/noticias/atualidade/lider-do-chega-diz-que-novo-ministro-das_623f719cc49da265162fa62c,
https://www.sapo.pt/amp/noticias/atualidade/lider-do-chega-quer-consenso-a-direita-na_63f120a3e37919769e06aaae,1970-08-23 03:30:18.205648,200,2,lider do chega quer consenso a direita,sapo.pt/,https://arquivo.pt/wayback/19700823033018/https://www.sapo.pt/amp/noticias/atualidade/lider-do-chega-quer-consenso-a-direita-na_63f120a3e37919769e06aaae,
https://www.sapo.pt/amp/noticias/atualidade/montenegro-reitera-que-acordo-com-o-chega-nos_62d414196029515904bdf91d,1970-08-23 00:51:58.062054,200,1,montenegro reitera que acordo com o chega,sapo.pt/,https://arquivo.pt/wayback/19700823005158/https://www.sapo.pt/amp/noticias/atualidade/montenegro-reitera-que-acordo-com-o-chega-nos_62d414196029515904bdf91d,
https://www.sapo.pt/amp/noticias/atualidade/pr-recusa-comentar-criticas-do-chega-porque-a_63091313490f475946e5ec38,1970-08-23 00:53:47.000026,200,2,pr recusa comentar criticas do chega porque,sapo.pt/,https://arquivo.pt/wayback/19700823005347/https://www.sapo.pt/amp/noticias/atualidade/pr-recusa-comentar-criticas-do-chega-porque-a_63091313490f475946e5ec38,
https://www.sapo.pt/amp/noticias/atualidade/ps-acusa-chega-de-insulto-infame-por-associar_640a39a397298f48ed9e5bf3,1970-08-23 03:31:49.235555,200,1,ps acusa chega de insulto infame por,sapo.pt/,https://arquivo.pt/wayback/19700823033149/https://www.sapo.pt/amp/noticias/atualidade/ps-acusa-chega-de-insulto-infame-por-associar_640a39a397298f48ed9e5bf3,
https://www.sapo.pt/amp/noticias/atualidade/tc-recusa-pedido-do-chega-para-fixar-efeitos-_628fabc8ab0ea7509253cb22,1970-08-23 00:48:47.005436,200,1,tc recusa pedido do chega para fixar efeitos,sapo.pt/,https://arquivo.pt/wayback/19700823004847/https://www.sapo.pt/amp/noticias/atualidade/tc-recusa-pedido-do-chega-para-fixar-efeitos-_628fabc8ab0ea7509253cb22,
https://www.sapo.pt/amp/noticias/atualidade/ventura-vinca-que-com-o-chega-nunca-havera_61ede0dc31d9435ef7916ca9,1970-08-23 00:42:04.102845,200,2,ventura vinca que com o chega nunca,sapo.pt/,https://arquivo.pt/wayback/19700823004204/https://www.sapo.pt/amp/noticias/atualidade/ventura-vinca-que-com-o-chega-nunca-havera_61ede0dc31d9435ef7916ca9,
https://www.sapo.pt/amp/noticias/economia/costa-considera-que-mocao-do-chega-faz-parte-_62c59d94c9a1265914c574ad,1970-08-23 00:51:47.093337,200,2,costa considera que mocao do chega faz parte,sapo.pt/,https://arquivo.pt/wayback/19700823005147/https://www.sapo.pt/amp/noticias/economia/costa-considera-que-mocao-do-chega-faz-parte-_62c59d94c9a1265914c574ad,
https://www.sapo.pt/amp/noticias/economia/projeto-do-chega-sobre-metadados-encurta_628a838d648f2b50be842a3d,1970-08-23 00:48:42.212752,200,1,projeto do chega sobre metadados,sapo.pt/,https://arquivo.pt/wayback/19700823004842/https://www.sapo.pt/amp/noticias/economia/projeto-do-chega-sobre-metadados-encurta_628a838d648f2b50be842a3d,
https://www.sapo.pt/noticias/atualidade/listas-do-chega-vao-integrar-elementos-do_5d47262adac4c17d4efa9633,1970-08-23 06:18:45.092305,200,1,listas do chega vao integrar elementos,sapo.pt/,https://arquivo.pt/wayback/19700823061845/https://www.sapo.pt/noticias/atualidade/listas-do-chega-vao-integrar-elementos-do_5d47262adac4c17d4efa9633,
https://www.sapo.pt/rd/autarca-do-chega-detido-por-posse-de-armas_62764fc576cb7750a6e239d0,1970-08-23 00:48:27.182437,200,2,autarca do chega detido por posse de,sapo.pt/,https://arquivo.pt/wayback/19700823004827/https://www.sapo.pt/rd/autarca-do-chega-detido-por-posse-de-armas_62764fc576cb7750a6e239d0,
https://www.sapo.pt/rd/deputado-do-chega-que-defende-nao-haver_62e7e36fac03025932a2a948,1970-08-23 00:53:21.181313,200,4,deputado do chega que defende nao,sapo.pt/,https://arquivo.pt/wayback/19700823005321/https://www.sapo.pt/rd/deputado-do-chega-que-defende-nao-haver_62e7e36fac03025932a2a948,
https://www.sapo.pt/rd/montalegre-regressa-o-campeonato-de-chega-de-_62629104a9bbf46c4106d7a8,1970-08-23 00:47:02.181656,200,10,montalegre regressa o campeonato de chega de,sapo.pt/,https://arquivo.pt/wayback/19700823004702/https://www.sapo.pt/rd/montalegre-regressa-o-campeonato-de-chega-de-_62629104a9bbf46c4106d7a8,
https://www.sapo.pt/rd/tiago-branco-condena-ataque-do-chega-ao_61f17e32ac0a2c5efd088a18,1970-08-23 00:42:06.185142,200,5,tiago branco condena ataque do chega,sapo.pt/,https://arquivo.pt/wayback/19700823004206/https://www.sapo.pt/rd/tiago-branco-condena-ataque-do-chega-ao_61f17e32ac0a2c5efd088a18,
https://www.sapo.pt/rd/vice-presidente-do-chega-os-aficionados-podem_626c17d12e985d6c3444349a,1970-08-23 00:47:09.182239,200,3,vice presidente do chega os aficionados,sapo.pt/,https://arquivo.pt/wayback/19700823004709/https://www.sapo.pt/rd/vice-presidente-do-chega-os-aficionados-podem_626c17d12e985d6c3444349a,
https://www.sapo.pt/?utm_source=amp&utm_campaign=amp&utm_medium=web&utm_content=/noticias/atualidade/andre-ventura-alerta-que-muita-coisa-continua_62db107c06cda1592ce64996,1970-08-23 00:52:03.073147,200,1,andre ventura alerta que muita coisa,sapo.pt/,https://arquivo.pt/wayback/19700823005203/https://www.sapo.pt/?utm_source=amp&utm_campaign=amp&utm_medium=web&utm_content=/noticias/atualidade/andre-ventura-alerta-que-muita-coisa-continua_62db107c06cda1592ce64996,
https://www.sapo.pt/?utm_source=amp&utm_campaign=amp&utm_medium=web&utm_content=/noticias/economia/andre-ventura-garante-fiscalizacao-ao-uso-dos_62dc40aec9a1265914cd1144,1970-08-23 00:52:04.075446,200,2,andre ventura garante fiscalizacao ao uso,sapo.pt/,https://arquivo.pt/wayback/19700823005204/https://www.sapo.pt/?utm_source=amp&utm_campaign=amp&utm_medium=web&utm_content=/noticias/economia/andre-ventura-garante-fiscalizacao-ao-uso-dos_62dc40aec9a1265914cd1144,
https://www.sapo.pt/?utm_source=amp&utm_campaign=amp&utm_medium=web&utm_content=/noticias/atualidade/andre-ventura-vai-nomear-rui-paulo-sousa-como_6204012c1e2d175f2fc46367,1970-08-23 00:43:29.235501,200,1,andre ventura vai nomear rui paulo sousa,sapo.pt/,https://arquivo.pt/wayback/19700823004329/https://www.sapo.pt/?utm_source=amp&utm_campaign=amp&utm_medium=web&utm_content=/noticias/atualidade/andre-ventura-vai-nomear-rui-paulo-sousa-como_6204012c1e2d175f2fc46367,
https://www.sapo.pt/?utm_source=amp&utm_campaign=amp&utm_medium=web&utm_content=/noticias/atualidade/debate-andre-ventura-admite-pela-primeira-vez_61db786d65c37f2de3ad0721,1970-08-23 00:41:50.211542,200,1,debate andre ventura admite pela primeira,sapo.pt/,https://arquivo.pt/wayback/19700823004150/https://www.sapo.pt/?utm_source=amp&utm_campaign=amp&utm_medium=web&utm_content=/noticias/atualidade/debate-andre-ventura-admite-pela-primeira-vez_61db786d65c37f2de3ad0721,
https://www.sapo.pt/amp/noticias/atualidade/andre-ventura-condena-tentativa-de-subversao-_63bb25bfb58498768b73f234,1970-08-23 03:28:29.005533,200,1,andre ventura condena tentativa de subversao,sapo.pt/,https://arquivo.pt/wayback/19700823032829/https://www.sapo.pt/amp/noticias/atualidade/andre-ventura-condena-tentativa-de-subversao-_63bb25bfb58498768b73f234,
https://www.sapo.pt/amp/noticias/atualidade/andre-ventura-considera-que-antonio-costa-ja-_63d6d14b359fe77698770bf3,1970-08-23 03:28:50.011125,200,2,andre ventura considera que antonio costa ja,sapo.pt/,https://arquivo.pt/wayback/19700823032850/https://www.sapo.pt/amp/noticias/atualidade/andre-ventura-considera-que-antonio-costa-ja-_63d6d14b359fe77698770bf3,
https://www.sapo.pt/amp/noticias/atualidade/andre-ventura-exige-politicas-para-dar-futuro_63b9c686e1dd0b76a52e8014,1970-08-23 03:28:27.212720,200,2,andre ventura exige politicas para dar,sapo.pt/,https://arquivo.pt/wayback/19700823032827/https://www.sapo.pt/amp/noticias/atualidade/andre-ventura-exige-politicas-para-dar-futuro_63b9c686e1dd0b76a52e8014,
https://www.sapo.pt/amp/noticias/atualidade/mocao-de-confianca-de-andre-ventura-aprovada-_63276347ef39231af71d0c11,1970-08-23 00:55:18.234246,200,1,mocao de confianca de andre ventura aprovada,sapo.pt/,https://arquivo.pt/wayback/19700823005518/https://www.sapo.pt/amp/noticias/atualidade/mocao-de-confianca-de-andre-ventura-aprovada-_63276347ef39231af71d0c11,
https://www.sapo.pt/rd/andre-ventura-ataca-ivo-lucas-apos-cancelar_6283717a5889a75076354f39,1970-08-23 00:48:37.193408,200,2,andre ventura ataca ivo lucas apos,sapo.pt/,https://arquivo.pt/wayback/19700823004837/https://www.sapo.pt/rd/andre-ventura-ataca-ivo-lucas-apos-cancelar_6283717a5889a75076354f39,
https://www.sapo.pt/rd/andre-ventura-da-carta-branca-a-jose-pacheco-_626fbf734bc7ac507ca7f353,1970-08-23 00:48:22.182606,200,4,andre ventura da carta branca a jose pacheco,sapo.pt/,https://arquivo.pt/wayback/19700823004822/https://www.sapo.pt/rd/andre-ventura-da-carta-branca-a-jose-pacheco-_626fbf734bc7ac507ca7f353,
https://www.sapo.pt/rd/andre-ventura-nao-vou-desistir-ate-ser-o_63278dacd468b81b1d5b6381,1970-08-23 00:55:19.190529,200,3,andre ventura nao vou desistir ate ser,sapo.pt/,https://arquivo.pt/wayback/19700823005519/https://www.sapo.pt/rd/andre-ventura-nao-vou-desistir-ate-ser-o_63278dacd468b81b1d5b6381,
https://www.sapo.pt/rd/chega-fest-partido-de-andre-ventura-quer_627f59b85889a7507633f6ec,1970-08-23 00:48:34.192031,200,2,chega fest partido de andre ventura,sapo.pt/,https://arquivo.pt/wayback/19700823004834/https://www.sapo.pt/rd/chega-fest-partido-de-andre-ventura-quer_627f59b85889a7507633f6ec,
